City_ID,City,Country,Date,Lat,Lng,Max Temp,Humidity,Cloudiness,Wind Speed,Weather Description
0,Carnarvon,AU,2/7/2022 5:04,-24.8667,113.6333,78.44,45,5,21.07,clear sky
1,Mataura,NZ,2/7/2022 4:59,-46.1927,168.8643,59.49,45,5,5.14,clear sky
2,Cidreira,BR,2/7/2022 5:04,-30.1811,-50.2056,66.85,74,9,8.61,clear sky
3,Provideniya,RU,2/7/2022 5:04,64.3833,-173.3,-0.29,65,4,4.47,clear sky
4,Tiksi,RU,2/7/2022 5:03,71.6872,128.8694,-18.04,98,100,6.93,overcast clouds
5,Reconquista,AR,2/7/2022 5:04,-29.15,-59.65,61.38,43,0,6.29,clear sky
6,Itarema,BR,2/7/2022 5:00,-2.9248,-39.9167,76.95,84,2,7.2,clear sky
7,Kaitangata,NZ,2/7/2022 5:03,-46.2817,169.8464,58.93,80,32,7.34,scattered clouds
8,Albany,US,2/7/2022 5:00,42.6001,-73.9662,19.67,79,14,2.62,few clouds
9,Milledgeville,US,2/7/2022 5:02,33.0801,-83.2321,43.88,91,98,5.21,light rain
10,Punta Arenas,CL,2/7/2022 5:01,-53.15,-70.9167,53.11,81,92,3.78,overcast clouds
11,Baruun-Urt,MN,2/7/2022 5:04,46.6806,113.2792,13.95,71,8,8.99,clear sky
12,Khairagarh,IN,2/7/2022 5:04,26.95,77.8167,65.35,45,1,6.06,clear sky
13,Ushuaia,AR,2/7/2022 4:59,-54.8,-68.3,60.46,72,40,11.5,scattered clouds
14,Abay,KZ,2/7/2022 5:04,49.6311,72.8539,21.58,95,92,13.96,light snow
15,Longyearbyen,SJ,2/7/2022 5:04,78.2186,15.6401,17.44,73,75,12.66,broken clouds
16,Qaanaaq,GL,2/7/2022 5:04,77.484,-69.3632,-11.18,59,27,7.38,scattered clouds
17,Bilma,NE,2/7/2022 5:04,18.6853,12.9164,55.51,18,0,8.7,clear sky
18,Hermanus,ZA,2/7/2022 5:04,-34.4187,19.2345,66.79,92,59,2.24,broken clouds
19,Mahebourg,MU,2/7/2022 4:59,-20.4081,57.7,81.25,77,100,11.3,overcast clouds
20,Tasiilaq,GL,2/7/2022 4:59,65.6145,-37.6368,16.7,57,100,63.1,light snow
21,Taoudenni,ML,2/7/2022 5:04,22.6783,-3.9836,62.96,15,35,9.62,scattered clouds
22,Nacogdoches,US,2/7/2022 5:04,31.6002,-94.6335,39.78,79,0,0,clear sky
23,Nanortalik,GL,2/7/2022 5:04,60.1432,-45.2371,17.06,76,100,55.19,overcast clouds
24,Kapaa,US,2/7/2022 5:04,22.0752,-159.319,75.18,78,20,1.99,few clouds
25,Fengrun,CN,2/7/2022 5:04,39.8333,118.1167,36.75,24,99,2.86,overcast clouds
26,Bonthe,SL,2/7/2022 5:03,7.5264,-12.505,76.12,91,64,1.19,broken clouds
27,Sioux Lookout,CA,2/7/2022 5:04,50.1001,-91.917,-11.45,100,80,4.09,broken clouds
28,Rikitea,PF,2/7/2022 4:59,-23.1203,-134.9692,78.98,72,10,17.98,clear sky
29,Bambous Virieux,MU,2/7/2022 5:04,-20.3428,57.7575,82.22,83,75,11.5,broken clouds
30,Chokurdakh,RU,2/7/2022 5:04,70.6333,147.9167,-41.58,99,85,3.22,overcast clouds
31,Jega,NG,2/7/2022 5:04,12.2175,4.3792,65.16,17,0,10.65,clear sky
32,Busselton,AU,2/7/2022 5:00,-33.65,115.3333,72.09,42,49,20.54,scattered clouds
33,Mapastepec,MX,2/7/2022 5:04,15.4333,-92.9,72.7,69,5,4.43,clear sky
34,Dudinka,RU,2/7/2022 5:04,69.4058,86.1778,-34.96,100,42,1.81,scattered clouds
35,Vardo,NO,2/7/2022 5:00,70.3705,31.1107,21.4,82,48,20.38,scattered clouds
36,Bluff,NZ,2/7/2022 5:04,-46.6,168.3333,59.81,68,0,14.41,clear sky
37,Thompson,CA,2/7/2022 5:04,55.7435,-97.8558,-2.29,94,100,9.22,overcast clouds
38,Atar,MR,2/7/2022 5:04,20.5169,-13.0499,68.13,11,22,5.61,few clouds
39,Souillac,MU,2/7/2022 4:59,-20.5167,57.5167,81.36,75,100,10.87,overcast clouds
40,Tuktoyaktuk,CA,2/7/2022 5:04,69.4541,-133.0374,-15.43,96,100,15.14,overcast clouds
41,Usolye,RU,2/7/2022 5:04,59.4268,56.6808,8.22,92,71,4.65,broken clouds
42,Puerto Escondido,MX,2/7/2022 5:04,15.85,-97.0667,76.03,83,0,4.61,clear sky
43,Ternate,ID,2/7/2022 5:04,0.8,127.4,83.35,70,100,7.7,overcast clouds
44,Butaritari,KI,2/7/2022 5:04,3.0707,172.7902,81.79,76,58,15.86,light rain
45,Swan Hill,AU,2/7/2022 5:04,-35.3378,143.5544,85.89,20,0,10.04,clear sky
46,Yellowknife,CA,2/7/2022 5:03,62.456,-114.3525,-3.71,96,100,2.19,overcast clouds
47,Pavlysh,UA,2/7/2022 5:04,48.9176,33.3569,31.51,92,76,14.58,broken clouds
48,Vaini,TO,2/7/2022 5:04,-21.2,-175.2,75.36,100,100,11.5,moderate rain
49,Mar Del Plata,AR,2/7/2022 5:01,-38.0023,-57.5575,65.08,79,30,5.01,scattered clouds
50,Sao Filipe,CV,2/7/2022 5:04,14.8961,-24.4956,71.58,76,9,3.22,clear sky
51,Fortuna,US,2/7/2022 5:03,40.5982,-124.1573,45.66,96,100,6.91,overcast clouds
52,Alta Floresta,BR,2/7/2022 5:01,-9.8756,-56.0861,71.15,97,95,1.79,overcast clouds
53,Georgetown,MY,2/7/2022 5:00,5.4112,100.3354,87.73,62,20,4.61,few clouds
54,Ambagarh Chauki,IN,2/7/2022 5:04,20.7833,80.7167,78.44,16,12,0.67,few clouds
55,Hobart,AU,2/7/2022 5:00,-42.8794,147.3294,81.01,42,20,1.01,few clouds
56,Arraial Do Cabo,BR,2/7/2022 5:01,-22.9661,-42.0278,74.86,93,1,14.88,clear sky
57,Chernoyerkovskaya,RU,2/7/2022 5:04,45.4331,37.7686,41.52,84,84,10.27,broken clouds
58,Waddan,LY,2/7/2022 5:04,29.1614,16.139,53.94,28,88,6.42,overcast clouds
59,Merauke,ID,2/7/2022 5:04,-8.4667,140.3333,86.29,64,61,9.69,broken clouds
60,Maraa,BR,2/7/2022 5:04,-1.8333,-65.3667,71.76,95,100,2.1,overcast clouds
61,Lavrentiya,RU,2/7/2022 5:04,65.5833,-171,-20.47,91,59,8.88,broken clouds
62,Emerald,AU,2/7/2022 5:04,-23.5333,148.1667,86.34,30,4,12.84,clear sky
63,Avarua,CK,2/7/2022 5:01,-21.2078,-159.775,78.85,83,40,11.5,scattered clouds
64,Meulaboh,ID,2/7/2022 5:01,4.1363,96.1285,79.59,82,98,4.41,overcast clouds
65,Puerto Ayora,EC,2/7/2022 5:04,-0.7393,-90.3518,73.54,94,21,7.36,few clouds
66,Severo-Kurilsk,RU,2/7/2022 5:04,50.6789,156.125,31.01,81,100,9.55,overcast clouds
67,Bitung,ID,2/7/2022 5:04,1.4451,125.1824,86.85,79,89,11.39,overcast clouds
68,Tabou,CI,2/7/2022 5:04,4.423,-7.3528,78.03,85,99,5.12,light rain
69,Bredasdorp,ZA,2/7/2022 5:02,-34.5322,20.0403,66.27,87,11,4.27,few clouds
70,Prince Rupert,CA,2/7/2022 5:04,54.3161,-130.3201,42.89,87,100,26.46,light rain
71,Luderitz,NA,2/7/2022 5:04,-26.6481,15.1594,68.63,74,61,2.55,broken clouds
72,Ziro,IN,2/7/2022 5:04,27.6333,93.8333,46.02,61,65,0.2,broken clouds
73,Caravelas,BR,2/7/2022 5:01,-17.7125,-39.2481,74.91,90,42,5.1,scattered clouds
74,Sumbawanga,TZ,2/7/2022 5:04,-7.9667,31.6167,57.22,95,100,2.64,light rain
75,Haines Junction,CA,2/7/2022 5:04,60.7522,-137.5108,19.08,95,49,5.95,scattered clouds
76,Deputatskiy,RU,2/7/2022 4:59,69.3,139.9,-32.8,94,85,4.83,overcast clouds
77,Ustupo,PA,2/7/2022 5:04,9.1333,-77.9333,76.71,84,41,8.81,scattered clouds
78,Lisakovsk,KZ,2/7/2022 5:04,52.5369,62.4936,15.06,95,100,2.64,light snow
79,Batemans Bay,AU,2/7/2022 5:04,-35.7167,150.1833,75.2,61,48,10.83,scattered clouds
80,Perth,AU,2/7/2022 5:04,-31.9333,115.8333,75.2,49,75,20.71,broken clouds
81,Fare,PF,2/7/2022 5:04,-16.7,-151.0167,81.19,74,76,20.04,light rain
82,Margate,GB,2/7/2022 5:01,51.3813,1.3862,40.75,72,11,8.99,few clouds
83,Port Elizabeth,ZA,2/7/2022 5:03,-33.918,25.5701,66.49,88,0,2.3,clear sky
84,Cape Town,ZA,2/7/2022 5:00,-33.9258,18.4232,65.26,88,75,1.01,broken clouds
85,Mecca,SA,2/7/2022 5:04,21.4267,39.8261,67.33,37,1,2.28,clear sky
86,Hilo,US,2/7/2022 5:01,19.7297,-155.09,69.8,93,76,3,broken clouds
87,Kralendijk,BQ,2/7/2022 5:04,12.15,-68.2667,76.98,83,34,8.05,scattered clouds
88,Victoria,HK,2/7/2022 5:02,22.2855,114.1577,64.04,88,100,3,overcast clouds
89,Jamestown,US,2/7/2022 4:59,42.097,-79.2353,28.71,10,78,6.73,broken clouds
90,Iznoski,RU,2/7/2022 5:04,54.9881,35.3108,28.11,96,100,9.66,light snow
91,Sao Joao Da Barra,BR,2/7/2022 5:04,-21.6403,-41.0511,75.24,89,1,15.66,clear sky
92,Saint-Pierre,RE,2/7/2022 5:04,-21.3393,55.4781,82.08,69,0,4.61,clear sky
93,Luneville,FR,2/7/2022 5:04,48.6,6.5,39.09,79,53,13.02,broken clouds
94,Kuching,MY,2/7/2022 5:04,1.55,110.3333,84.42,74,75,5.75,broken clouds
95,Mangai,CD,2/7/2022 5:04,-4.05,19.5333,69.6,95,100,1.57,overcast clouds
96,Lysyye Gory,RU,2/7/2022 5:04,51.5506,44.8414,20.5,96,98,4.74,overcast clouds
97,Atuona,PF,2/7/2022 5:04,-9.8,-139.0333,78.85,78,42,18.12,scattered clouds
98,Saint George,US,2/7/2022 5:01,37.1041,-113.5841,48.79,30,0,5.99,clear sky
99,Barrow,US,2/7/2022 5:04,71.2906,-156.7887,-27.38,68,0,13.8,clear sky
100,Makungu,TZ,2/7/2022 5:04,-8.7333,35.2833,64.18,91,99,3.09,overcast clouds
101,Honningsvag,NO,2/7/2022 5:04,70.9821,25.9704,22.75,80,20,18.41,few clouds
102,Torbay,CA,2/7/2022 5:00,47.6666,-52.7314,12.58,83,87,1.99,overcast clouds
103,Atambua,ID,2/7/2022 5:04,-9.1061,124.8925,83.52,67,44,5.86,scattered clouds
104,Iskateley,RU,2/7/2022 5:04,67.6803,53.1512,16.52,87,100,17.25,overcast clouds
105,Hasaki,JP,2/7/2022 5:01,35.7333,140.8333,46.8,31,6,3.33,clear sky
106,Aksha,RU,2/7/2022 5:04,50.2814,113.2867,24.66,68,45,8.88,scattered clouds
107,Ilovka,RU,2/7/2022 5:04,50.7053,38.637,20.01,96,91,7.45,snow
108,Marsh Harbour,BS,2/7/2022 5:04,26.5412,-77.0636,73.6,70,23,12.97,few clouds
109,Luanda,AO,2/7/2022 5:00,-8.8368,13.2343,73.4,83,40,3.44,scattered clouds
110,Boa Vista,BR,2/7/2022 5:04,2.8197,-60.6733,80.58,74,40,11.5,scattered clouds
111,Penarroya-Pueblonuevo,ES,2/7/2022 5:04,38.3,-5.2667,43.45,71,7,4.03,clear sky
112,Olga,RU,2/7/2022 5:04,43.7444,135.2892,21.24,42,3,11.16,clear sky
113,Petropavlovsk-Kamchatskiy,RU,2/7/2022 5:04,53.0452,158.6483,28.99,74,75,15.66,light snow
114,Khandyga,RU,2/7/2022 5:04,62.6667,135.6,-18.89,88,91,0.76,overcast clouds
115,Port Alfred,ZA,2/7/2022 5:04,-33.5906,26.891,76.55,70,56,1.61,broken clouds
116,Lagoa,PT,2/7/2022 5:04,39.05,-27.9833,59.49,83,6,16.51,clear sky
117,La Primavera,CO,2/7/2022 5:04,5.4906,-70.4092,81.91,50,90,4.52,overcast clouds
118,Pingxiang,CN,2/7/2022 5:04,27.6167,113.85,36.34,96,100,5.35,overcast clouds
119,Omsukchan,RU,2/7/2022 5:04,62.5333,155.8,-9.17,76,10,2.1,clear sky
120,New Norfolk,AU,2/7/2022 5:04,-42.7826,147.0587,80.65,28,0,3,clear sky
121,North Platte,US,2/7/2022 5:01,41.1239,-100.7654,29.32,73,69,7,broken clouds
122,Pevek,RU,2/7/2022 5:04,69.7008,170.3133,-24.29,99,22,1.68,few clouds
123,Saskylakh,RU,2/7/2022 5:04,71.9167,114.0833,-26.66,100,91,4.59,overcast clouds
124,Castro,BR,2/7/2022 5:04,-24.7911,-50.0119,60.13,89,6,2.08,clear sky
125,Moba,CN,2/7/2022 5:04,33.2288,105.0179,27.41,69,100,5.19,overcast clouds
126,Valparaiso,CL,2/7/2022 5:04,-33.0393,-71.6273,65.48,82,100,4.61,overcast clouds
127,Khatanga,RU,2/7/2022 5:04,71.9667,102.5,-18.33,98,100,9.69,overcast clouds
128,Talnakh,RU,2/7/2022 5:04,69.4865,88.3972,-26.07,95,56,2.08,broken clouds
129,Avera,US,2/7/2022 5:04,33.194,-82.5271,40.51,56,99,7.54,overcast clouds
130,Sept-Iles,CA,2/7/2022 5:01,50.2001,-66.3821,4.05,85,100,4,overcast clouds
131,Te Anau,NZ,2/7/2022 5:04,-45.4167,167.7167,71.38,41,23,2.33,few clouds
132,Darnah,LY,2/7/2022 5:04,32.767,22.6367,56.28,51,65,4.27,broken clouds
133,Dikson,RU,2/7/2022 5:04,73.5069,80.5464,-12.95,96,100,16.55,overcast clouds
134,Lebu,CL,2/7/2022 5:04,-37.6167,-73.65,58.28,93,5,13.67,clear sky
135,Pundaguitan,PH,2/7/2022 5:04,6.3711,126.1689,80.85,77,56,16.91,broken clouds
136,Hithadhoo,MV,2/7/2022 5:04,-0.6,73.0833,82.62,67,23,14.25,few clouds
137,Saint-Georges,GD,2/7/2022 5:04,12.0564,-61.7485,77.36,85,77,12.82,broken clouds
138,Havre-Saint-Pierre,CA,2/7/2022 5:04,50.2334,-63.5986,-0.04,85,100,16.11,overcast clouds
139,Bodden Town,KY,2/7/2022 5:04,19.2833,-81.25,76.93,79,26,3,scattered clouds
140,Bardiyah,LY,2/7/2022 5:04,31.7561,25.0865,54.9,58,48,9.53,scattered clouds
141,Norfolk,US,2/7/2022 5:01,42.1668,-71.2495,22.68,90,68,0.78,broken clouds
142,Roald,NO,2/7/2022 5:01,62.5833,6.1333,40.33,93,20,5.75,few clouds
143,Geraldton,AU,2/7/2022 5:05,-28.7667,114.6,77.41,31,40,20.71,scattered clouds
144,Zhangjiakou,CN,2/7/2022 5:05,40.81,114.8794,24.42,33,100,3.96,overcast clouds
145,Ayr,GB,2/7/2022 5:05,55.4627,-4.6339,38.48,81,0,8.05,clear sky
146,Nemuro,JP,2/7/2022 5:05,43.3236,145.575,27.25,67,55,12.55,broken clouds
147,Pangoa,PE,2/7/2022 5:05,-12.1167,-73,67.23,89,100,2.62,overcast clouds
148,Kalmunai,LK,2/7/2022 5:05,7.4167,81.8167,81.54,72,67,12.37,broken clouds
149,Boshan,CN,2/7/2022 5:05,36.4833,117.8333,37.56,21,100,4.21,overcast clouds
150,Tepalcatepec,MX,2/7/2022 5:05,19.1833,-102.85,72.28,42,35,2.95,scattered clouds
151,Teknaf,BD,2/7/2022 5:05,20.8624,92.3058,74.39,38,42,10.85,scattered clouds
152,Puerto Carreno,CO,2/7/2022 5:05,6.189,-67.4859,81.05,60,69,0.47,broken clouds
153,Hammerfest,NO,2/7/2022 5:05,70.6634,23.6821,23.45,68,0,11.5,clear sky
154,Alofi,NU,2/7/2022 5:03,-19.0595,-169.9187,80.49,89,100,2.3,overcast clouds
155,Dolores,AR,2/7/2022 5:05,-36.3132,-57.6792,55.04,94,22,9.42,few clouds
156,Kemijarvi,FI,2/7/2022 5:05,66.7131,27.4306,19.89,93,100,7.74,overcast clouds
157,Nelson Bay,AU,2/7/2022 5:05,-32.7167,152.15,77.05,62,36,4,scattered clouds
158,Caconda,AO,2/7/2022 5:05,-13.7333,15.0667,57.61,71,100,2.75,light rain
159,Nikolskoye,RU,2/7/2022 5:05,59.7035,30.7861,35.87,97,100,7.16,light snow
160,Rocha,UY,2/7/2022 5:01,-34.4833,-54.3333,62.87,78,90,14.43,overcast clouds
161,Chuy,UY,2/7/2022 5:05,-33.6971,-53.4616,62.78,80,48,14.2,scattered clouds
162,Tam Ky,VN,2/7/2022 5:05,15.5667,108.4833,82.38,73,93,5.06,overcast clouds
163,Mayo,US,2/7/2022 5:03,38.8876,-76.5119,34.99,70,100,0,overcast clouds
164,Laguna,US,2/7/2022 5:05,38.421,-121.4238,56.34,76,0,4.61,clear sky
165,Amapa,BR,2/7/2022 5:05,1,-52,70.12,100,100,0.81,overcast clouds
166,Buldana,IN,2/7/2022 5:05,20.5333,76.1833,75.22,24,22,1.36,few clouds
167,Kendari,ID,2/7/2022 5:05,-3.945,122.4989,85.46,70,85,10.56,moderate rain
168,Uyuni,BO,2/7/2022 5:05,-20.4597,-66.825,51.28,67,82,6.11,broken clouds
169,Labytnangi,RU,2/7/2022 5:05,66.6572,66.4183,-19.5,100,100,1.54,overcast clouds
170,Hobyo,SO,2/7/2022 5:05,5.3505,48.5268,78.35,65,97,21.65,overcast clouds
171,Abaran,ES,2/7/2022 5:05,38.2055,-1.3991,48.29,84,0,3.96,clear sky
172,Glendive,US,2/7/2022 5:05,47.1053,-104.7125,37.49,69,0,14.97,clear sky
173,Marquette,US,2/7/2022 5:05,46.5333,-87.6335,16.34,79,100,7.7,overcast clouds
174,Tres Arroyos,AR,2/7/2022 5:03,-38.3739,-60.2798,53.6,89,3,3.53,clear sky
175,Norman Wells,CA,2/7/2022 5:03,65.282,-126.8329,-12.96,70,100,20.71,light snow
176,Klyuchi,RU,2/7/2022 5:05,52.2667,79.1667,12.58,73,2,8.48,clear sky
177,Shingu,JP,2/7/2022 5:05,33.7333,135.9833,45.91,36,63,9.44,broken clouds
178,Lata,PT,2/7/2022 5:05,40.1629,-8.3327,44.04,55,57,4.18,broken clouds
179,Upernavik,GL,2/7/2022 5:01,72.7868,-56.1549,-14.57,100,100,6.91,overcast clouds
180,Meiningen,DE,2/7/2022 5:05,50.5679,10.4152,37.08,78,81,16.49,broken clouds
181,Whitehorse,CA,2/7/2022 5:05,60.7161,-135.0538,29.01,93,99,7.56,overcast clouds
182,Rantepao,ID,2/7/2022 5:05,-2.9701,119.8978,78.62,81,96,2.75,light rain
183,Bethel,US,2/7/2022 5:05,41.3712,-73.414,29.05,84,100,0,overcast clouds
184,Sitka,US,2/7/2022 5:05,57.0531,-135.33,44.49,76,100,9.22,light rain
185,Touros,BR,2/7/2022 5:01,-5.1989,-35.4608,78.04,78,13,8.3,few clouds
186,Sola,VU,2/7/2022 5:01,-13.8833,167.55,82.2,80,100,21.88,moderate rain
187,Vestmannaeyjar,IS,2/7/2022 5:05,63.4427,-20.2734,37.29,96,100,64.13,overcast clouds
188,Outlook,CA,2/7/2022 5:05,51.5001,-107.0513,30.47,79,2,13.62,clear sky
189,Kodiak,US,2/7/2022 5:05,57.79,-152.4072,33.31,51,20,12.66,few clouds
190,Arona,ES,2/7/2022 5:05,28.0996,-16.681,60.75,64,0,3,clear sky
191,Clyde River,CA,2/7/2022 5:05,70.4692,-68.5914,-36.31,90,74,4.34,broken clouds
192,Gondanglegi,ID,2/7/2022 5:05,-7.7479,112.0132,81.09,85,100,11.36,overcast clouds
193,Shache,CN,2/7/2022 5:05,38.4167,77.2406,31.1,46,100,2.46,overcast clouds
194,Kailua,US,2/7/2022 5:02,21.4022,-157.7394,74.48,76,18,4,few clouds
195,Wanning,CN,2/7/2022 5:05,18.8003,110.3967,75.63,81,68,7.56,broken clouds
196,Lengshuijiang,CN,2/7/2022 5:05,27.6881,111.4294,36.19,90,99,3.96,overcast clouds
197,Brigantine,US,2/7/2022 5:05,39.4101,-74.3646,40.01,86,100,3.44,light snow
198,Ulaangom,MN,2/7/2022 5:01,49.9811,92.0667,-20.36,96,93,3.4,overcast clouds
199,Makakilo City,US,2/7/2022 5:01,21.3469,-158.0858,73,74,0,14.18,clear sky
200,Lazaro Cardenas,MX,2/7/2022 5:05,17.9583,-102.2,73.04,72,26,3.94,scattered clouds
201,Saldanha,ZA,2/7/2022 5:01,-33.0117,17.9442,62.38,97,37,7.47,scattered clouds
202,Macherla,IN,2/7/2022 5:05,16.4833,79.4333,81.52,51,60,7.56,broken clouds
203,Grand Gaube,MU,2/7/2022 5:05,-20.0064,57.6608,82.38,74,92,8.01,overcast clouds
204,Svetlaya,RU,2/7/2022 5:05,46.5389,138.3297,20.05,50,7,2.93,clear sky
205,Maniitsoq,GL,2/7/2022 5:05,65.4167,-52.9,3.38,84,100,11.56,overcast clouds
206,Mana,GF,2/7/2022 5:05,5.6592,-53.7767,77,88,100,6.71,overcast clouds
207,San Luis,AR,2/7/2022 5:05,-33.295,-66.3356,60.94,32,0,7.99,clear sky
208,Saint-Philippe,RE,2/7/2022 5:01,-21.3585,55.7679,81.99,82,95,15.52,overcast clouds
209,Srednekolymsk,RU,2/7/2022 5:05,67.45,153.6833,-30.78,99,26,0.89,scattered clouds
210,Cherskiy,RU,2/7/2022 5:05,68.75,161.3,-30.44,100,38,1.77,scattered clouds
211,Tarata,BO,2/7/2022 5:05,-17.6167,-66.0167,53.02,82,100,3.56,overcast clouds
212,Limbang,MY,2/7/2022 5:05,4.75,115,87.91,50,100,2.82,overcast clouds
213,San Miguel,SV,2/7/2022 5:05,13.4833,-88.1833,73.74,74,78,2.04,light rain
214,Chilca,PE,2/7/2022 5:05,-12.5211,-76.7372,69.6,84,100,6.53,overcast clouds
215,San Vicente,AR,2/7/2022 5:05,-26.6167,-54.1333,56.46,67,0,2.57,clear sky
216,Termiz,UZ,2/7/2022 5:05,37.2242,67.2783,42.89,75,75,6.91,broken clouds
217,Cockburn Town,TC,2/7/2022 5:05,21.4612,-71.1419,75.99,76,0,14.58,clear sky
218,Svetlogorsk,BY,2/7/2022 5:05,52.6333,29.7333,31.73,98,100,15.12,light snow
219,Clarksville,US,2/7/2022 5:02,36.5298,-87.3595,33.08,87,0,0,clear sky
220,Beloha,MG,2/7/2022 5:05,-25.1667,45.05,74.73,91,100,12.46,moderate rain
221,Joshimath,IN,2/7/2022 5:05,30.5667,79.5667,51.39,50,19,5.41,few clouds
222,Necochea,AR,2/7/2022 5:05,-38.5473,-58.7368,57.04,79,41,9.26,scattered clouds
223,Newnan,US,2/7/2022 5:02,33.3807,-84.7997,44.58,64,100,1.99,overcast clouds
224,Salalah,OM,2/7/2022 5:05,17.0151,54.0924,71.46,28,67,17.43,broken clouds
225,Lorengau,PG,2/7/2022 5:00,-2.0226,147.2712,84.38,72,98,7.45,overcast clouds
226,Mutare,ZW,2/7/2022 5:05,-18.9707,32.6709,62.8,96,95,3.85,overcast clouds
227,Kabare,CD,2/7/2022 5:05,-2.4683,28.8242,62.22,89,100,1.79,overcast clouds
228,Flinders,AU,2/7/2022 5:05,-34.5833,150.8552,75.18,62,45,11.01,scattered clouds
229,Kieta,PG,2/7/2022 5:05,-6.2167,155.6333,85.6,73,100,10.94,light rain
230,Shetpe,KZ,2/7/2022 5:05,44.1667,52.1167,31.35,96,98,5.77,overcast clouds
231,Port Blair,IN,2/7/2022 5:05,11.6667,92.75,82.44,78,40,12.66,scattered clouds
232,Vila,PT,2/7/2022 5:05,42.0304,-8.1588,38.32,84,36,5.23,scattered clouds
233,Ewa Beach,US,2/7/2022 5:05,21.3156,-158.0072,75.15,67,0,5.75,clear sky
234,Bousso,TD,2/7/2022 5:05,10.4795,16.7117,66.54,23,4,6.22,clear sky
235,Bandiagara,ML,2/7/2022 5:05,14.3501,-3.6104,65.35,14,0,10.83,clear sky
236,Muskogee,US,2/7/2022 5:04,35.5834,-95.3336,35.82,69,0,5.75,clear sky
237,Baijiantan,CN,2/7/2022 5:02,45.6333,85.1833,9.81,83,5,6.93,clear sky
238,Kichera,RU,2/7/2022 5:05,55.9375,110.0997,13.62,93,100,4.56,light snow
239,Saint-Augustin,CA,2/7/2022 5:05,51.226,-58.6502,-26.09,92,23,4.27,few clouds
240,Nome,US,2/7/2022 5:05,64.5011,-165.4064,-9.33,59,0,16.11,clear sky
241,Ixtapa,MX,2/7/2022 5:00,20.7,-105.2,70.83,88,0,0,clear sky
242,Henties Bay,NA,2/7/2022 5:02,-22.116,14.2845,68.86,82,95,7.94,overcast clouds
243,Katsuura,JP,2/7/2022 5:05,35.1333,140.3,46.51,32,27,2.35,scattered clouds
244,Kavieng,PG,2/7/2022 5:05,-2.5744,150.7967,83.89,69,72,2.04,broken clouds
245,Komsomolskiy,UZ,2/7/2022 5:05,40.4272,71.7189,40.35,87,75,6.91,broken clouds
246,Lillooet,CA,2/7/2022 5:01,50.6856,-121.942,32.05,79,85,4.59,overcast clouds
247,Kingman,US,2/7/2022 5:05,35.1894,-114.053,53.08,33,0,11.5,clear sky
248,Ahipara,NZ,2/7/2022 5:05,-35.1667,173.1667,75.24,96,98,6.33,overcast clouds
249,Madang,PG,2/7/2022 5:05,-5.2246,145.7966,87.24,68,94,9.95,overcast clouds
250,Chibombo,ZM,2/7/2022 5:05,-14.6569,28.0706,62.49,98,100,4.94,overcast clouds
251,Vila Velha,BR,2/7/2022 5:03,-20.3297,-40.2925,76.95,90,2,4,clear sky
252,Abalak,RU,2/7/2022 5:05,58.1286,68.5944,7.39,85,100,8.28,overcast clouds
253,Udachnyy,RU,2/7/2022 5:05,66.4167,112.4,-11.29,94,99,4.81,overcast clouds
254,Richards Bay,ZA,2/7/2022 5:05,-28.783,32.0377,73.36,88,84,2.53,light rain
255,Hay River,CA,2/7/2022 5:01,60.8156,-115.7999,16.57,99,77,2.98,broken clouds
256,Wattegama,LK,2/7/2022 5:05,6.7989,81.4808,81.52,57,94,10.65,overcast clouds
257,Marathon,US,2/7/2022 5:05,44.9,-89.7668,16.48,70,100,12.66,overcast clouds
258,Havelock,US,2/7/2022 5:05,34.8791,-76.9013,41.05,86,64,3,broken clouds
259,Ochamchira,GE,2/7/2022 5:05,42.7121,41.4721,35.51,75,92,6.24,overcast clouds
260,Northam,GB,2/7/2022 5:05,51.0333,-4.2167,46.26,86,20,6.29,few clouds
261,Esperance,AU,2/7/2022 5:01,-33.8667,121.9,76.84,44,11,23.29,few clouds
262,Coracora,PE,2/7/2022 5:05,-15.0333,-73.7833,50.02,80,96,1.52,overcast clouds
263,Suntar,RU,2/7/2022 5:05,62.1444,117.6319,4.21,91,100,4.68,overcast clouds
264,Ifanadiana,MG,2/7/2022 5:05,-21.3,47.6333,76.23,77,79,2.17,broken clouds
265,Antalaha,MG,2/7/2022 5:05,-14.9003,50.2788,82.17,65,32,1.83,scattered clouds
266,Chimore,BO,2/7/2022 5:04,-16.9833,-65.1333,69.66,96,100,1.28,overcast clouds
267,Beringovskiy,RU,2/7/2022 5:05,63.05,179.3167,-17.16,95,19,5.91,few clouds
268,Jalingo,NG,2/7/2022 5:05,8.8833,11.3667,69.58,20,2,4.63,clear sky
269,Klaksvik,FO,2/7/2022 5:02,62.2266,-6.589,27.52,46,100,6.22,overcast clouds
270,Hami,CN,2/7/2022 5:05,42.8,93.45,31.32,27,63,8.59,broken clouds
271,Marsa Matruh,EG,2/7/2022 5:05,31.3525,27.2453,55.4,59,16,8.59,few clouds
272,Bahia Blanca,AR,2/7/2022 5:05,-38.7196,-62.2724,60.82,77,4,6.55,clear sky
273,Kasempa,ZM,2/7/2022 5:05,-13.4584,25.8338,64.02,98,100,5.84,light rain
274,Aklavik,CA,2/7/2022 5:05,68.2191,-135.0107,-20.83,88,100,19.46,overcast clouds
275,Barybino,RU,2/7/2022 5:05,55.2677,37.8933,30.11,92,75,11.18,light snow
276,Ostrovnoy,RU,2/7/2022 5:04,68.0531,39.5131,11.16,88,18,17,few clouds
277,Bengkulu,ID,2/7/2022 5:01,-3.8004,102.2655,84.24,63,95,12.01,heavy intensity rain
278,Oranjemund,NA,2/7/2022 5:05,-28.55,16.4333,65.3,79,5,6.04,clear sky
279,Hanyang,CN,2/7/2022 5:05,32.1371,105.5126,38.71,66,97,4.94,overcast clouds
280,Steinbach,DE,2/7/2022 5:05,50.1667,8.5667,38.79,70,20,16.11,few clouds
281,Tura,IN,2/7/2022 5:05,25.5198,90.2201,65.1,48,12,4.27,few clouds
282,Zernograd,RU,2/7/2022 5:05,46.8452,40.3083,32.47,98,98,8.72,overcast clouds
283,Rusape,ZW,2/7/2022 5:05,-18.5278,32.1284,60.04,93,98,6.91,overcast clouds
284,Hirara,JP,2/7/2022 5:05,24.8,125.2833,66.74,67,100,22.62,overcast clouds
285,Borgo San Lorenzo,IT,2/7/2022 5:05,43.9553,11.3835,52.36,88,97,17.47,overcast clouds
286,Tilichiki,RU,2/7/2022 5:05,60.4667,166.1,-8.03,80,1,8.55,clear sky
287,Maragogi,BR,2/7/2022 5:05,-9.0122,-35.2225,79.18,71,68,3.87,broken clouds
288,Saint-Joseph,RE,2/7/2022 5:01,-21.3667,55.6167,80.98,76,90,11.14,overcast clouds
289,Magadan,RU,2/7/2022 5:05,59.5667,150.8,13.53,65,39,10.22,scattered clouds
290,Bubaque,GW,2/7/2022 5:05,11.2833,-15.8333,76.17,68,22,8.25,few clouds
291,Kahului,US,2/7/2022 5:05,20.8947,-156.47,73.42,65,20,17.27,few clouds
292,Broome,US,2/7/2022 5:05,42.2506,-75.833,23.9,82,0,1.99,clear sky
293,Jijiga,ET,2/7/2022 5:05,9.35,42.8,59.97,71,49,9.01,scattered clouds
294,Mayumba,GA,2/7/2022 5:05,-3.432,10.6554,75.96,93,67,6.38,broken clouds
295,Bathsheba,BB,2/7/2022 5:05,13.2167,-59.5167,75.81,88,75,16.11,broken clouds
296,Narsaq,GL,2/7/2022 5:01,60.9167,-46.05,12.42,76,100,20.04,light snow
297,Gribanovskiy,RU,2/7/2022 5:05,51.4579,41.9764,12.92,98,74,6.08,broken clouds
298,Xining,CN,2/7/2022 5:03,36.6167,101.7667,18.07,58,70,2.04,broken clouds
299,Mubi,NG,2/7/2022 5:05,10.2676,13.2644,64.83,23,2,2.71,clear sky
300,Novobirilyussy,RU,2/7/2022 5:05,56.9514,90.6661,13.26,88,24,6.08,few clouds
301,Briancon,FR,2/7/2022 5:05,44.9,6.65,41.34,93,65,6.4,broken clouds
302,Hambantota,LK,2/7/2022 5:05,6.1241,81.1185,82.74,74,40,5.75,scattered clouds
303,Kenai,US,2/7/2022 5:03,60.5544,-151.2583,29.08,93,100,8.05,overcast clouds
304,Santa Maria,BR,2/7/2022 5:05,-29.6842,-53.8069,59.14,71,0,1.48,clear sky
305,Karratha,AU,2/7/2022 5:05,-20.7377,116.8463,91.33,57,79,14.34,broken clouds
306,Mbaiki,CF,2/7/2022 5:06,3.8678,17.9892,65.01,41,29,1.9,scattered clouds
307,Zhigansk,RU,2/7/2022 5:06,66.7697,123.3711,-28.07,98,92,2.55,overcast clouds
308,Atlantic City,US,2/7/2022 5:06,39.3643,-74.4229,39.99,85,100,3.44,light snow
309,Fukue,JP,2/7/2022 5:06,32.6881,128.8419,44.42,57,99,9.19,overcast clouds
310,Tiarei,PF,2/7/2022 5:06,-17.5333,-149.3333,82.42,77,68,21.09,light rain
311,Jamame,SO,2/7/2022 5:06,0.0722,42.7506,80.02,70,94,16.04,overcast clouds
312,Dunedin,NZ,2/7/2022 5:06,-45.8742,170.5036,60.93,70,73,13.27,broken clouds
313,Aktash,RU,2/7/2022 5:06,50.3,87.7333,3.79,58,0,4.03,clear sky
314,Airai,TL,2/7/2022 5:06,-8.9266,125.4092,71.83,74,57,2.55,broken clouds
315,Isangel,VU,2/7/2022 5:06,-19.55,169.2667,79.65,90,100,16.89,overcast clouds
316,Imeni Zhelyabova,RU,2/7/2022 5:06,58.9544,36.5956,17.69,95,85,8.21,overcast clouds
317,Lompoc,US,2/7/2022 5:04,34.6391,-120.4579,58.12,51,0,3.56,clear sky
318,Wilmington,US,2/7/2022 5:03,34.2257,-77.9447,45.86,75,100,8.05,overcast clouds
319,Mezen,RU,2/7/2022 5:06,65.8522,44.24,11.26,92,99,10.11,overcast clouds
320,Bandarbeyla,SO,2/7/2022 5:06,9.4942,50.8122,76.64,69,99,15.99,overcast clouds
321,Lambarene,GA,2/7/2022 5:06,-0.7001,10.2406,73.69,95,31,1.92,scattered clouds
322,Tahe,CN,2/7/2022 5:06,52.3333,124.7333,12.99,69,94,3.94,overcast clouds
323,Faanui,PF,2/7/2022 5:06,-16.4833,-151.75,81.3,75,90,20.36,overcast clouds
324,Karatau,KZ,2/7/2022 5:06,43.1667,70.4667,33.93,69,94,8.66,overcast clouds
325,Goderich,CA,2/7/2022 5:06,43.7501,-81.7165,28.9,89,98,15.9,overcast clouds
326,Canto Do Buriti,BR,2/7/2022 5:06,-8.11,-42.9444,73.17,83,70,2.51,broken clouds
327,Agropoli,IT,2/7/2022 5:06,40.3469,14.9966,54.28,89,58,10.31,broken clouds
328,Birjand,IR,2/7/2022 5:06,32.8663,59.2211,42.15,32,0,5.21,clear sky
329,Namtsy,RU,2/7/2022 5:02,62.7161,129.6658,-29.09,93,99,2.73,overcast clouds
330,Wahlern,CH,2/7/2022 5:06,46.8281,7.3532,42.84,82,75,3,broken clouds
331,Doha,QA,2/7/2022 5:06,25.2867,51.5333,60.78,51,0,13.8,clear sky
332,Boda,CF,2/7/2022 5:06,4.3189,17.4695,67.37,30,59,3.29,broken clouds
333,Boddam,GB,2/7/2022 5:06,57.4667,-1.7833,36.12,76,26,14.25,scattered clouds
334,Hukuntsi,BW,2/7/2022 5:06,-24,21.75,71.73,56,51,7.34,broken clouds
335,Cap Malheureux,MU,2/7/2022 5:06,-19.9842,57.6142,82.47,74,94,8.01,overcast clouds
336,Evensk,RU,2/7/2022 5:06,61.95,159.2333,2.12,73,1,8.43,clear sky
337,Pisco,PE,2/7/2022 5:01,-13.7,-76.2167,65.01,92,94,0.81,overcast clouds
338,Caldas Novas,BR,2/7/2022 5:06,-17.7417,-48.625,67.37,93,87,3.15,overcast clouds
339,Ndele,CF,2/7/2022 5:06,8.4109,20.6473,64.29,19,47,7.74,scattered clouds
340,Salvacion,PH,2/7/2022 5:06,7.9833,126.1333,79.47,86,83,7.09,broken clouds
341,Kutum,SD,2/7/2022 5:06,14.2,24.6667,44.91,35,15,8.5,few clouds
342,Husavik,IS,2/7/2022 5:02,66.0449,-17.3389,23.74,76,100,27.74,snow
343,Telma,RU,2/7/2022 5:06,52.6983,103.7097,20.41,78,74,4.12,broken clouds
344,Namibe,AO,2/7/2022 5:06,-15.1961,12.1522,72.95,68,93,7.34,overcast clouds
345,Ovalle,CL,2/7/2022 5:01,-30.5983,-71.2003,68.72,69,0,2.57,clear sky
346,Trelew,AR,2/7/2022 5:06,-43.249,-65.3051,63.18,49,0,14.54,clear sky
347,Dingle,PH,2/7/2022 5:03,10.9995,122.6711,84.56,62,44,15.05,scattered clouds
348,Turukhansk,RU,2/7/2022 5:06,65.8167,87.9833,-16.76,98,58,3.96,broken clouds
349,Lyubech,UA,2/7/2022 5:06,51.7026,30.6569,33.06,97,100,14.45,light snow
350,Asau,RO,2/7/2022 5:06,46.4333,26.4,33.96,68,100,7.78,overcast clouds
351,Pandan,PH,2/7/2022 5:06,14.0453,124.1694,79.14,85,88,16.02,overcast clouds
352,Mount Gambier,AU,2/7/2022 5:04,-37.8333,140.7667,86.77,21,0,7.74,clear sky
353,Tulagi,SB,2/7/2022 5:06,-9.0996,160.1476,84.18,74,100,10.74,overcast clouds
354,Labuhan,ID,2/7/2022 5:06,-6.8844,112.2051,79.79,85,100,17.78,heavy intensity rain
355,Bushehr,IR,2/7/2022 5:06,28.9684,50.8385,58.59,51,0,17.72,clear sky
356,Sabha,LY,2/7/2022 5:06,27.0377,14.4283,50.4,25,63,9.4,broken clouds
357,Pacific Grove,US,2/7/2022 5:01,36.6177,-121.9166,56.62,83,0,1.99,clear sky
358,Nuuk,GL,2/7/2022 5:01,64.1835,-51.7216,9.21,85,100,6.91,light snow
359,Alice Springs,AU,2/7/2022 5:03,-23.7,133.8833,90.95,24,0,4.61,clear sky
360,Juneau,US,2/7/2022 5:06,58.3019,-134.4197,42.8,93,100,11.01,overcast clouds
361,Hovd,MN,2/7/2022 5:06,48.0056,91.6419,-5.33,71,8,3.36,clear sky
362,Kanashevo,RU,2/7/2022 5:06,55.2169,62.0634,-4.45,97,99,4.52,overcast clouds
363,Mount Isa,AU,2/7/2022 5:06,-20.7333,139.5,92.97,31,45,8.05,scattered clouds
364,Conceicao Do Araguaia,BR,2/7/2022 5:06,-8.2578,-49.2647,73.17,95,78,1.99,broken clouds
365,Ribeira Grande,PT,2/7/2022 5:06,38.5167,-28.7,60.85,83,10,17.63,clear sky
366,Yanam,IN,2/7/2022 5:06,16.7333,82.2167,81,50,72,5.46,broken clouds
367,Egvekinot,RU,2/7/2022 5:02,66.3167,-179.1667,-14.71,85,4,11.1,clear sky
368,Chiredzi,ZW,2/7/2022 5:06,-21.05,31.6667,69.44,81,27,7.14,scattered clouds
369,Eydhafushi,MV,2/7/2022 5:06,5.1033,73.0708,81.3,70,79,12.41,broken clouds
370,Nioro,GM,2/7/2022 5:06,13.35,-15.75,72.57,34,1,3.53,clear sky
371,Amga,RU,2/7/2022 5:06,60.8953,131.9608,-8.03,88,98,1.34,overcast clouds
372,Maryville,US,2/7/2022 5:02,35.7565,-83.9705,36.09,80,0,3,clear sky
373,Eirunepe,BR,2/7/2022 5:06,-6.6603,-69.8736,72.03,98,96,1.21,light rain
374,Abu Samrah,SY,2/7/2022 5:06,35.3029,37.1841,47.68,87,93,6.04,overcast clouds
375,Shakhtinsk,KZ,2/7/2022 5:06,49.71,72.5872,21.76,95,99,16.73,light snow
376,Jiuquan,CN,2/7/2022 5:06,39.7432,98.5174,17.73,71,99,4.27,overcast clouds
377,Nouadhibou,MR,2/7/2022 5:06,20.931,-17.0347,64.71,78,96,11.36,overcast clouds
378,Otradnoye,RU,2/7/2022 5:06,59.7775,30.8181,36.03,97,100,7.11,overcast clouds
379,Silanga,PH,2/7/2022 5:06,11.8181,124.8431,83.44,72,76,13.76,broken clouds
380,Teahupoo,PF,2/7/2022 5:06,-17.8333,-149.2667,76.96,77,62,20.76,light rain
381,Iqaluit,CA,2/7/2022 5:03,63.7506,-68.5145,-30.69,96,100,1.23,overcast clouds
382,Olden,NO,2/7/2022 5:06,61.8364,6.8064,36.91,98,99,4.41,overcast clouds
383,Colquechaca,BO,2/7/2022 5:06,-18.6667,-66.0167,31.12,92,99,2.95,overcast clouds
384,Gravdal,NO,2/7/2022 5:06,68.1214,13.5031,30.09,100,75,4.61,broken clouds
385,Igrim,RU,2/7/2022 5:06,63.1906,64.4162,2.01,97,100,4.76,overcast clouds
386,Manono,CD,2/7/2022 5:02,-7.3,27.4167,67.73,99,100,2.84,light rain
387,Kachiry,KZ,2/7/2022 5:06,53.0675,76.1036,13.01,79,4,12.53,clear sky
388,Namwala,ZM,2/7/2022 5:06,-15.7504,26.4384,64.18,97,100,6.06,overcast clouds
389,Rockhampton,AU,2/7/2022 5:06,-23.3833,150.5,84.09,42,40,12.66,scattered clouds
390,Ballina,AU,2/7/2022 5:06,-28.8667,153.5667,71.78,85,80,18.5,broken clouds
391,Vilhena,BR,2/7/2022 5:06,-12.7406,-60.1458,68.25,98,100,2.75,overcast clouds
392,Guaraniacu,BR,2/7/2022 5:06,-25.1008,-52.8781,59.11,69,26,4.56,scattered clouds
393,Sidney,AU,2/7/2022 5:02,-33.8679,151.2073,74.32,75,75,4,broken clouds
394,Paungde,MM,2/7/2022 5:06,18.4833,95.5,84.02,18,94,7,overcast clouds
395,Miles City,US,2/7/2022 5:06,46.4083,-105.8406,36.57,64,0,8.05,clear sky
396,College,US,2/7/2022 5:06,64.8569,-147.8028,-5.91,77,75,0,broken clouds
397,Arawa,PG,2/7/2022 5:06,-6.2132,155.5367,86.45,71,100,7.29,light rain
398,Ponta Do Sol,PT,2/7/2022 5:06,32.6667,-17.1,63.23,68,10,9.8,clear sky
399,Pizarro,CO,2/7/2022 5:06,4.9533,-77.366,76.1,85,50,1.79,light rain
400,Houma,US,2/7/2022 5:04,29.5958,-90.7195,44.6,83,17,3.58,few clouds
401,Salta,AR,2/7/2022 5:06,-24.7859,-65.4117,59.58,89,99,1.99,overcast clouds
402,Rucheng,CN,2/7/2022 5:06,32.3883,120.5553,33.96,100,100,9.51,light snow
403,Kitimat,CA,2/7/2022 5:01,54.0524,-128.6534,37.9,30,100,5.73,heavy intensity rain
404,Yulara,AU,2/7/2022 5:06,-25.2406,130.9889,94.84,16,0,12.66,clear sky
405,Uusikaupunki,FI,2/7/2022 5:06,60.8004,21.4084,23.52,99,61,4.68,broken clouds
406,Kiama,AU,2/7/2022 5:04,-34.6833,150.8667,75.38,62,40,15.99,scattered clouds
407,Mount Pleasant,US,2/7/2022 5:06,32.7941,-79.8626,48,74,100,1.01,overcast clouds
408,Timra,SE,2/7/2022 5:06,62.487,17.3257,17.31,93,100,3.44,overcast clouds
409,Namatanai,PG,2/7/2022 5:06,-3.6667,152.4333,85.01,70,100,7.92,overcast clouds
410,Garowe,SO,2/7/2022 5:06,8.4054,48.4845,68.49,76,100,15.66,overcast clouds
411,Sao Geraldo Do Araguaia,BR,2/7/2022 5:06,-6.4006,-48.555,72.01,96,25,2.95,scattered clouds
412,French Harbor,HN,2/7/2022 5:06,16.35,-86.4333,71.6,94,20,3.44,few clouds
413,El Tigre,VE,2/7/2022 5:06,8.8875,-64.2454,74.08,82,9,13.85,clear sky
414,Capao Da Canoa,BR,2/7/2022 5:06,-29.7456,-50.0097,67.42,77,0,7.29,clear sky
415,Indi,IN,2/7/2022 5:06,17.1667,75.9667,81.05,40,49,6.29,scattered clouds
416,Ust-Kuyga,RU,2/7/2022 5:06,70.0167,135.6,-36.44,99,99,4.09,overcast clouds
417,Aden,YE,2/7/2022 5:06,12.7794,45.0367,77.27,67,94,9.08,overcast clouds
418,Snezhnogorsk,RU,2/7/2022 5:06,69.1933,33.2531,2.98,96,47,9.4,scattered clouds
419,Guerrero Negro,MX,2/7/2022 5:06,27.9769,-114.0611,59.52,62,0,2.53,clear sky
420,Plainview,US,2/7/2022 5:06,40.7765,-73.4673,33.26,78,100,4.61,overcast clouds
421,Mareeba,AU,2/7/2022 5:06,-17,145.4333,84.43,70,50,6.08,scattered clouds
422,Xichang,CN,2/7/2022 5:06,27.8964,102.2634,51.98,62,72,3.27,broken clouds
423,Anadyr,RU,2/7/2022 5:06,64.75,177.4833,-14.3,76,0,2.24,clear sky
424,Andenes,NO,2/7/2022 5:03,69.3143,16.1194,31.98,74,75,11.5,broken clouds
425,Yar-Sale,RU,2/7/2022 5:06,66.8333,70.8333,-8,99,48,10,scattered clouds
426,Loukhi,RU,2/7/2022 5:06,66.0764,33.0381,14.36,95,100,8.99,light snow
427,Doka,SD,2/7/2022 5:06,13.5167,35.7667,65.05,40,1,7.96,clear sky
428,Ouahigouya,BF,2/7/2022 5:06,13.5828,-2.4216,63.95,15,0,10.71,clear sky
429,Ventersburg,ZA,2/7/2022 5:06,-28.0856,27.1381,61,79,39,3.91,scattered clouds
430,Morehead,US,2/7/2022 5:06,37.2711,-87.1764,28.11,96,0,0,clear sky
431,Port Lincoln,AU,2/7/2022 5:06,-34.7333,135.8667,79.57,47,1,18.39,clear sky
432,Poum,NC,2/7/2022 5:06,-20.2333,164.0167,81.1,87,100,28.74,light rain
433,Ust-Kalmanka,RU,2/7/2022 5:06,52.1207,83.305,12.52,81,23,3.91,few clouds
434,Half Moon Bay,US,2/7/2022 5:06,37.4636,-122.4286,57,76,100,9.22,mist
435,Bambanglipuro,ID,2/7/2022 5:06,-7.95,110.2833,84.94,66,100,4.76,overcast clouds
436,Vila Franca Do Campo,PT,2/7/2022 5:06,37.7167,-25.4333,59.2,80,20,11.74,few clouds
437,Largo,US,2/7/2022 5:04,27.9095,-82.7873,60.01,91,100,1.01,mist
438,Uhlove,UA,2/7/2022 5:06,44.8215,33.6045,43.57,83,39,15.77,scattered clouds
439,Derzhavinsk,KZ,2/7/2022 5:06,51.1,66.3167,24.1,94,100,15.61,overcast clouds
440,Kyren,RU,2/7/2022 5:06,51.6828,102.1408,22.5,75,77,1.34,broken clouds
441,Ous,RU,2/7/2022 5:06,60.9058,61.5186,1.2,100,100,3.87,overcast clouds
442,Ambilobe,MG,2/7/2022 5:06,-13.2,49.05,79.12,82,28,2.55,scattered clouds
443,Kalanguy,RU,2/7/2022 5:06,51.0167,116.5167,10.98,86,73,3.22,broken clouds
444,Voyvozh,RU,2/7/2022 5:06,62.892,54.9635,12.31,88,100,8.9,overcast clouds
445,Sao Jose Da Coroa Grande,BR,2/7/2022 5:06,-8.8978,-35.1478,79.3,71,70,4.54,broken clouds
446,Cayenne,GF,2/7/2022 5:06,4.9333,-52.3333,80.1,87,75,4,broken clouds
447,Gizo,SB,2/7/2022 5:06,-8.103,156.8419,85.3,72,100,10.94,light rain
448,East London,ZA,2/7/2022 5:02,-33.0153,27.9116,73.35,78,94,8.12,overcast clouds
449,Sarramea,NC,2/7/2022 5:06,-21.6421,165.8452,77.92,84,85,11.1,overcast clouds
450,Sabang,ID,2/7/2022 5:06,5.8933,95.3214,79.45,79,99,11.01,overcast clouds
451,La Ronge,CA,2/7/2022 5:06,55.1001,-105.2842,26.33,95,93,5.1,overcast clouds
452,San Patricio,US,2/7/2022 5:06,28.017,-97.5169,55.38,83,100,9.01,overcast clouds
453,Rapu-Rapu,PH,2/7/2022 5:06,13.1866,124.1256,81.48,76,85,16.13,overcast clouds
454,Nouakchott,MR,2/7/2022 5:06,18.0858,-15.9785,62.53,49,26,9.01,scattered clouds
455,Tonaya,MX,2/7/2022 5:06,19.7833,-103.9667,64.89,51,84,1.12,broken clouds
456,San Jose,US,2/7/2022 5:06,37.3394,-121.895,56.91,61,0,0,clear sky
457,Sanghar,PK,2/7/2022 5:06,26.0466,68.9481,62.67,33,0,5.5,clear sky
458,Solnechnyy,RU,2/7/2022 5:06,50.7214,136.6319,5.99,89,100,3.53,overcast clouds
459,Saint Anthony,US,2/7/2022 5:02,45.0205,-93.218,7.83,73,0,1.99,clear sky
460,Berlevag,NO,2/7/2022 5:03,70.8578,29.0864,19.4,84,64,18.43,broken clouds
461,Conakry,GN,2/7/2022 5:06,9.538,-13.6773,76.5,79,3,5.79,clear sky
462,Jam Sahib,PK,2/7/2022 5:06,26.2958,68.6292,62.62,19,1,5.44,clear sky
463,Khobi,GE,2/7/2022 5:06,42.3156,41.8987,32.34,94,83,5.7,broken clouds
464,Anage,BR,2/7/2022 5:06,-14.6122,-41.1356,69.33,90,100,1.92,overcast clouds
465,Upata,VE,2/7/2022 5:07,8.0086,-62.3989,69.12,96,59,4.9,broken clouds
466,Batticaloa,LK,2/7/2022 5:07,7.7102,81.6924,81,73,49,10.96,scattered clouds
467,Bognor Regis,GB,2/7/2022 5:07,50.7821,-0.6798,41,90,5,12.93,clear sky
468,Penzance,GB,2/7/2022 5:07,50.1186,-5.5371,49.21,86,100,5.32,overcast clouds
469,Lamu,KE,2/7/2022 5:07,-2.2717,40.902,80.82,80,100,13.94,overcast clouds
470,Capreol,CA,2/7/2022 5:07,46.706,-80.9225,25.56,96,100,5.75,overcast clouds
471,Oranjestad,AW,2/7/2022 5:07,12.524,-70.027,78.75,78,20,12.66,few clouds
472,Cabo San Lucas,MX,2/7/2022 5:07,22.8909,-109.9124,63.95,67,0,5.12,clear sky
473,The Valley,AI,2/7/2022 5:07,18.217,-63.0578,77.09,68,91,22.1,overcast clouds
474,Petauke,ZM,2/7/2022 5:07,-14.2426,31.3253,62.83,95,64,3.29,broken clouds
475,Chegdomyn,RU,2/7/2022 5:07,51.1167,133.0167,3.83,83,100,2.15,overcast clouds
476,Durham,US,2/7/2022 5:05,36.0335,-78.8664,38.17,74,100,1.01,overcast clouds
477,Daru,PG,2/7/2022 5:07,-9.0763,143.2092,83.53,77,98,5.06,overcast clouds
478,Nha Trang,VN,2/7/2022 5:06,12.25,109.1833,84.2,67,88,8.14,overcast clouds
479,Conde,BR,2/7/2022 5:07,-7.2597,-34.9075,74.66,88,20,3.44,few clouds
480,Tessalit,ML,2/7/2022 5:07,20.1986,1.0114,58.64,17,0,6.33,clear sky
481,Badiraguato,MX,2/7/2022 5:07,25.3667,-107.5167,56.25,54,0,3.6,clear sky
482,Troitsko-Pechorsk,RU,2/7/2022 5:07,62.7084,56.1964,9.25,91,100,6.91,overcast clouds
483,Batagay-Alyta,RU,2/7/2022 5:07,67.8006,130.4114,-21.44,94,100,2.24,overcast clouds
484,Bolu,TR,2/7/2022 5:07,40.6667,31.5833,24.28,91,69,5.7,broken clouds
485,Englewood,US,2/7/2022 5:05,39.6478,-104.9878,31.05,62,0,1.01,clear sky
486,Nurota,UZ,2/7/2022 5:07,40.5614,65.6886,35.69,76,98,4.9,overcast clouds
487,San Policarpo,PH,2/7/2022 5:05,12.1791,125.5072,80.71,80,70,17.31,broken clouds
488,Neiafu,TO,2/7/2022 5:07,-18.65,-173.9833,75.88,88,100,8.05,overcast clouds
489,Matara,LK,2/7/2022 5:07,5.9485,80.5353,86.97,55,96,1.12,light rain
490,Jiwani,PK,2/7/2022 5:07,25.05,61.7417,71.73,66,0,6.71,clear sky
491,Tungor,RU,2/7/2022 5:07,53.3808,142.9564,4.46,94,100,24.09,light snow
492,Reriutaba,BR,2/7/2022 5:07,-4.1417,-40.5822,73.4,85,26,2.37,scattered clouds
493,Katima Mulilo,NA,2/7/2022 5:07,-17.5,24.2667,64.9,93,93,5.97,overcast clouds
494,Honiara,SB,2/7/2022 5:07,-9.4333,159.95,85.23,73,100,8.32,light rain
495,Zalantun,CN,2/7/2022 5:02,48,122.7167,18.59,59,10,5.88,clear sky
496,Weihe,CN,2/7/2022 5:07,32.9952,105.3247,33.84,73,100,3.71,light snow
497,Portsmouth,GB,2/7/2022 5:02,50.799,-1.0913,40.98,89,5,3,clear sky
498,High Level,CA,2/7/2022 5:03,58.5169,-117.136,33.75,81,55,7.58,broken clouds
499,Hofn,IS,2/7/2022 5:07,64.2539,-15.2082,32.81,93,100,31.09,heavy snow
500,Camacha,PT,2/7/2022 5:07,33.0833,-16.3333,59.76,67,40,13.8,scattered clouds
501,Sobolevo,RU,2/7/2022 5:07,54.4299,31.8996,29.86,95,100,14.92,light snow
502,Talaya,RU,2/7/2022 5:07,61.3833,152.75,-20.25,85,28,0.63,scattered clouds
503,West Fargo,US,2/7/2022 5:07,46.875,-96.9004,1.4,75,40,5.75,scattered clouds
504,Teberda,RU,2/7/2022 5:07,43.4456,41.7448,15.21,69,100,8.61,overcast clouds
505,Jackson,US,2/7/2022 5:07,42.4165,-122.8345,52,55,0,3.44,clear sky
506,Gladstone,AU,2/7/2022 5:04,-23.85,151.25,84.78,51,40,12.66,scattered clouds
507,Zykovo,RU,2/7/2022 5:07,55.9519,93.1461,21.99,74,74,3.96,broken clouds
508,Roswell,US,2/7/2022 5:02,34.0232,-84.3616,43.72,56,40,1.99,scattered clouds
509,Concepcion,CL,2/7/2022 5:06,-36.827,-73.0498,60.6,82,0,4.61,clear sky
510,Shieli,KZ,2/7/2022 5:07,44.1667,66.75,31.12,81,41,11.36,scattered clouds
511,Rozhyshche,UA,2/7/2022 5:07,50.9154,25.2691,38.12,83,100,16.73,overcast clouds
512,Leningradskiy,RU,2/7/2022 5:07,69.3833,178.4167,-28.39,100,62,3.58,broken clouds
513,Mbouda,CM,2/7/2022 5:07,5.6258,10.2552,60.08,40,15,1.68,few clouds
514,Uvat,RU,2/7/2022 5:07,59.1433,68.8953,11.08,87,100,8.79,overcast clouds
515,Santa Maria Del Oro,MX,2/7/2022 5:07,25.9333,-105.3667,45.03,38,4,3.58,clear sky
516,Camocim,BR,2/7/2022 5:07,-2.9022,-40.8411,75.4,89,26,7.43,scattered clouds
517,Baturite,BR,2/7/2022 5:07,-4.3286,-38.8847,71.67,91,22,1.16,few clouds
518,Tazmalt,DZ,2/7/2022 5:07,36.3868,4.3989,45.7,95,16,1.23,few clouds
519,Vangaindrano,MG,2/7/2022 5:07,-23.35,47.6,77.61,94,100,7.16,light rain
520,Walvis Bay,NA,2/7/2022 5:07,-22.9575,14.5053,69.1,79,82,6.29,broken clouds
521,Omboue,GA,2/7/2022 5:07,-1.5746,9.2618,76.69,89,78,5.23,broken clouds
522,Ileza,RU,2/7/2022 5:07,61.0533,43.9002,-2.42,99,84,5.06,broken clouds
523,Beian,NO,2/7/2022 5:07,63.6559,9.5683,41.09,75,75,26.46,broken clouds
524,Seymchan,RU,2/7/2022 5:07,62.8833,152.4333,-28.08,95,24,0.85,few clouds
525,Ulladulla,AU,2/7/2022 5:07,-35.35,150.4667,72.09,60,24,13.15,few clouds
526,Arman,RU,2/7/2022 5:07,59.7,150.1667,14.02,79,79,6.04,broken clouds
527,Xuanwu,CN,2/7/2022 5:07,32.069,118.8138,32.81,100,100,9.89,snow
528,Chongwe,ZM,2/7/2022 5:07,-15.3292,28.682,62.92,93,55,2.24,broken clouds
529,Huntley,US,2/7/2022 5:04,42.1681,-88.4281,30.15,88,89,3,overcast clouds
530,Tarko-Sale,RU,2/7/2022 5:07,64.9225,77.785,-19.8,100,82,4.43,broken clouds
531,Kita,ML,2/7/2022 5:07,13.0349,-9.4895,67.14,14,0,4.81,clear sky
532,Hamilton,US,2/7/2022 5:03,39.1834,-84.5333,29.59,88,0,0,mist
533,Adrar,MR,2/7/2022 5:07,20.5022,-10.0711,61.63,11,2,10.09,clear sky
534,Charters Towers,AU,2/7/2022 5:07,-20.1,146.2667,81.81,47,99,9.13,overcast clouds
535,Kavaratti,IN,2/7/2022 5:07,10.5669,72.642,78.01,67,11,7.85,few clouds
536,Eufaula,US,2/7/2022 5:07,31.8913,-85.1455,47.86,73,100,5.37,overcast clouds
537,Kidal,ML,2/7/2022 5:07,18.4411,1.4078,59.65,16,0,9.91,clear sky
538,Quatre Cocos,MU,2/7/2022 5:07,-20.2078,57.7625,82.09,77,97,10.22,overcast clouds
539,Rincon,US,2/7/2022 5:07,32.296,-81.2354,45.86,90,100,1.01,overcast clouds
540,Kelo,TD,2/7/2022 5:07,9.3086,15.8066,67.32,25,17,5.12,few clouds
541,Mutsu,JP,2/7/2022 5:07,41.2894,141.2169,32,80,75,8.05,broken clouds
542,Aryanah,TN,2/7/2022 5:07,36.8601,10.1934,48.96,84,2,11.81,clear sky
543,Inuvik,CA,2/7/2022 5:02,68.3499,-133.7218,-23.01,95,100,16.75,overcast clouds
544,Baherden,TM,2/7/2022 5:07,38.4362,57.4316,39.85,63,31,8.12,scattered clouds
545,Moose Factory,CA,2/7/2022 5:07,51.2585,-80.6094,-20.69,99,55,3.85,broken clouds
546,Killybegs,IE,2/7/2022 5:07,54.6333,-8.45,45.45,86,93,11.86,overcast clouds
547,Lebyazhye,RU,2/7/2022 5:07,55.2689,66.4947,4.1,88,11,7.7,few clouds
548,Constitucion,CL,2/7/2022 5:07,-35.3333,-72.4167,57.13,81,0,2.71,clear sky
549,Inhambane,MZ,2/7/2022 5:07,-23.865,35.3833,78.8,71,85,15.3,overcast clouds
550,Sao Gabriel Da Cachoeira,BR,2/7/2022 5:04,-0.1303,-67.0892,72.45,99,98,1.95,overcast clouds
551,Vostok,RU,2/7/2022 5:07,46.4856,135.8833,7.39,82,99,6.96,overcast clouds
552,Bilibino,RU,2/7/2022 5:07,68.0546,166.4372,-13.77,77,20,4.79,few clouds
553,Krasnystaw,PL,2/7/2022 5:07,50.9846,23.1742,38.01,93,100,12.1,overcast clouds
554,Arlit,NE,2/7/2022 5:03,18.7369,7.3853,59.5,14,0,8.3,clear sky
555,Portland,US,2/7/2022 5:07,45.5234,-122.6762,47.86,87,0,3,clear sky
556,Benghazi,LY,2/7/2022 5:05,32.1167,20.0667,59.2,67,86,6.02,overcast clouds
557,Ambulu,ID,2/7/2022 5:07,-8.345,113.6058,86.85,67,35,3.56,scattered clouds
558,Katangli,RU,2/7/2022 5:07,51.7102,143.2326,12.9,83,100,17.38,overcast clouds
559,Luwuk,ID,2/7/2022 5:07,-0.9516,122.7875,87.37,64,94,2.8,overcast clouds
560,Revda,RU,2/7/2022 5:07,56.801,59.9303,-10.39,93,99,4.63,overcast clouds
561,Ourossogui,SN,2/7/2022 5:07,15.6064,-13.3211,72.64,10,0,9.28,clear sky
562,Lagdo,CM,2/7/2022 5:07,9.05,13.7333,66.65,22,8,3.4,clear sky
563,Maceio,BR,2/7/2022 5:07,-9.6658,-35.7353,74.64,88,0,4.61,clear sky
564,Ozark,US,2/7/2022 5:07,37.0209,-93.206,34.39,82,31,5.01,scattered clouds
565,Aracati,BR,2/7/2022 5:07,-4.5617,-37.7697,78.42,79,10,6.85,clear sky
566,Dubai,AE,2/7/2022 5:07,25.2582,55.3047,71.22,52,0,22.57,clear sky
567,Westport,US,2/7/2022 5:07,41.1415,-73.3579,31.8,77,100,1.99,overcast clouds
568,Jardim,BR,2/7/2022 5:07,-21.4803,-56.1381,68.56,87,69,5.41,broken clouds
569,Panalingaan,PH,2/7/2022 5:07,8.7842,117.4231,87.17,57,90,1.86,overcast clouds
570,Grindavik,IS,2/7/2022 5:03,63.8424,-22.4338,34.27,100,100,56.39,sleet
571,Fort Nelson,CA,2/7/2022 5:07,58.8053,-122.7002,21.36,90,96,2.82,overcast clouds
572,Sistranda,NO,2/7/2022 5:07,63.7256,8.834,40.96,66,99,21.34,overcast clouds
573,Williston,US,2/7/2022 5:07,48.147,-103.618,39.61,78,39,1.99,scattered clouds
574,Khakhea,BW,2/7/2022 5:07,-24.6895,23.494,68.38,59,31,9.1,scattered clouds
575,Hounde,BF,2/7/2022 5:07,11.5,-3.5167,68.61,16,0,6.04,clear sky
576,Ardahan,TR,2/7/2022 5:07,41.1087,42.7022,0,99,93,1.77,overcast clouds
577,Iralaya,HN,2/7/2022 5:07,15,-83.2333,73.24,72,4,7.16,clear sky
578,Santa Luzia,BR,2/7/2022 5:07,-19.7697,-43.8514,68.9,99,100,1.83,overcast clouds
579,Dinguiraye,GN,2/7/2022 5:07,11.3,-10.7167,67.3,17,7,2.55,clear sky
580,Auki,SB,2/7/2022 5:04,-8.7676,160.7034,83.52,80,100,10.8,overcast clouds
581,Paraiso,CR,2/7/2022 5:07,9.8383,-83.8656,63.46,91,69,3.24,broken clouds
582,Port Said,EG,2/7/2022 5:03,31.2565,32.2841,55.63,70,0,9.89,clear sky
583,Chiang Khong,TH,2/7/2022 5:07,20.2613,100.4046,83.64,74,99,2.04,overcast clouds
584,Nanyuki,KE,2/7/2022 5:07,0.0167,37.0728,60.15,57,95,2.55,overcast clouds
585,Queimadas,BR,2/7/2022 5:07,-10.9783,-39.6264,71.74,88,73,5.5,broken clouds
586,Moree,AU,2/7/2022 5:07,-29.4667,149.85,86.02,25,75,5.75,broken clouds
587,Ancud,CL,2/7/2022 5:07,-41.8697,-73.8203,52.43,90,4,2.21,clear sky
588,Davila,PH,2/7/2022 5:07,18.4726,120.5763,81.55,66,72,7.96,broken clouds
589,Turbat,PK,2/7/2022 5:07,26.0023,63.044,69.6,71,0,0.81,clear sky
590,Vung Tau,VN,2/7/2022 5:07,10.346,107.0843,82.08,69,22,13.42,few clouds
591,Darhan,MN,2/7/2022 5:07,49.4867,105.9228,9.27,76,17,7.25,few clouds
592,Xunchang,CN,2/7/2022 5:07,28.4543,104.715,44.71,75,100,3.69,overcast clouds
593,Marzuq,YE,2/7/2022 5:07,14.4,46.4667,62.28,42,100,2.77,overcast clouds
594,Alenquer,BR,2/7/2022 5:07,-1.9417,-54.7383,73.74,96,97,2.42,overcast clouds
595,Maarianhamina,AX,2/7/2022 5:07,60.0973,19.9348,30.06,93,20,2.3,few clouds
596,Fergus Falls,US,2/7/2022 5:07,46.283,-96.0776,-0.33,82,0,0,clear sky
597,Le Port,RE,2/7/2022 5:07,-20.9373,55.2919,82.4,70,88,9.31,overcast clouds
598,West Lafayette,US,2/7/2022 5:07,40.4259,-86.9081,29.1,74,0,3.44,clear sky
599,Baoding,CN,2/7/2022 5:05,38.8511,115.4903,38.84,27,95,3.09,overcast clouds
600,Taganak,PH,2/7/2022 5:07,6.0833,118.3,81.48,78,100,12.44,overcast clouds
601,Rocky Mountain House,CA,2/7/2022 5:04,52.3668,-114.9188,28.02,83,89,5.3,overcast clouds
602,Udayagiri,IN,2/7/2022 5:07,20.1333,84.3833,74.46,22,68,1.81,broken clouds
603,Pilot Butte,CA,2/7/2022 5:07,50.4668,-104.4178,23.79,84,31,11.77,scattered clouds
604,Thinadhoo,MV,2/7/2022 5:06,0.5333,72.9333,82.63,63,97,13.53,overcast clouds
605,Syracuse,IT,2/7/2022 5:07,37.0881,15.2792,51.85,70,3,9.82,clear sky
606,Kruisfontein,ZA,2/7/2022 5:07,-34.0033,24.7314,67.89,60,0,5.35,clear sky
607,Orizona,BR,2/7/2022 5:07,-17.0314,-48.2958,66.04,97,83,3.4,broken clouds
608,Flin Flon,CA,2/7/2022 5:07,54.7682,-101.865,3.72,96,99,7.27,overcast clouds
609,Iwanai,JP,2/7/2022 5:07,42.9744,140.5089,28.33,76,100,10.49,light snow
610,Khor,RU,2/7/2022 5:07,47.8861,134.9464,6.04,84,100,9.6,overcast clouds
611,Humaita,BR,2/7/2022 5:07,-7.5061,-63.0208,73.58,99,100,3.15,overcast clouds
612,Balakovo,RU,2/7/2022 5:07,52.0278,47.8007,6.91,94,99,3.47,overcast clouds
613,Ilanskiy,RU,2/7/2022 5:07,56.2358,96.065,18.86,77,99,6.04,overcast clouds
614,Aykhal,RU,2/7/2022 5:07,66,111.5,-11.87,97,99,6.31,overcast clouds
615,Kursk,RU,2/7/2022 5:07,51.7303,36.1939,30.4,86,0,13.42,clear sky
616,Majene,ID,2/7/2022 5:07,-3.5403,118.9707,84.63,73,99,4.81,overcast clouds
617,Indiana,US,2/7/2022 5:07,40.0003,-86.2503,28.47,74,0,9.22,clear sky
618,Victor Harbor,AU,2/7/2022 5:07,-35.5667,138.6167,94.8,48,3,9.57,clear sky
619,Mao,ES,2/7/2022 5:07,39.8885,4.2658,43.36,93,0,5.75,clear sky
620,Jalu,LY,2/7/2022 5:07,29.0331,21.5482,53.89,37,1,7.27,clear sky
621,Rawson,AR,2/7/2022 5:07,-43.3002,-65.1023,62.92,55,0,16.58,clear sky
622,Ucluelet,CA,2/7/2022 5:07,48.9329,-125.5528,46.09,89,87,1.01,overcast clouds
623,Fairbanks,US,2/7/2022 5:03,64.8378,-147.7164,-5.91,77,75,0,broken clouds
624,Marevo,RU,2/7/2022 5:08,57.3146,32.0804,31.19,90,100,11.18,overcast clouds
625,Santa Monica,US,2/7/2022 5:08,34.0195,-118.4912,72.14,40,0,3.44,clear sky
626,Rovnoye,RU,2/7/2022 5:08,50.7765,46.0509,10.36,97,78,3.04,broken clouds
627,Palana,RU,2/7/2022 5:08,59.1167,159.9667,11.19,80,58,8.95,broken clouds
628,Skibbereen,IE,2/7/2022 5:08,51.55,-9.2667,54.1,97,91,10.8,overcast clouds
629,Heiligenhafen,DE,2/7/2022 5:08,54.3667,10.9833,36.75,87,35,24.61,scattered clouds
630,Lubbock,US,2/7/2022 5:03,33.6001,-101.8338,36.37,67,20,4,few clouds
631,Metro,ID,2/7/2022 5:08,-5.1131,105.3067,86.2,65,85,5.06,overcast clouds
632,Kotelnikovo,RU,2/7/2022 5:08,47.6317,43.1461,29.68,95,100,9.1,overcast clouds
633,Gurupi,BR,2/7/2022 5:08,-11.7292,-49.0686,71.73,96,100,3.2,overcast clouds
634,Flic En Flac,MU,2/7/2022 5:08,-20.2742,57.3631,82.53,75,99,10.31,overcast clouds
635,Nautla,MX,2/7/2022 5:08,20.2167,-96.7833,60.64,87,30,4.5,scattered clouds
636,Teya,RU,2/7/2022 5:04,60.3778,92.6267,6.89,94,95,3.47,overcast clouds
637,Kabo,CF,2/7/2022 5:08,7.6994,18.629,65.25,20,3,5.48,clear sky
638,Chernyshevskiy,RU,2/7/2022 5:08,63.0128,112.4714,-2.87,92,100,4.43,overcast clouds
639,Tuy Hoa,VN,2/7/2022 5:08,13.0833,109.3,78.6,79,63,8.19,broken clouds
640,Praia,CV,2/7/2022 5:06,14.9215,-23.5087,66.74,82,20,13.8,few clouds
641,Antofagasta,CL,2/7/2022 5:08,-23.65,-70.4,63.68,76,19,1.74,few clouds
642,Kukmor,RU,2/7/2022 5:08,56.1855,50.8944,13.41,97,96,3.09,overcast clouds
643,Ilam,NP,2/7/2022 5:08,26.9167,87.9167,52.07,76,68,4.59,broken clouds
644,Carballo,ES,2/7/2022 5:08,43.213,-8.691,47.52,94,47,2.39,scattered clouds
645,Changping,CN,2/7/2022 5:08,40.2186,116.2197,37.04,22,100,2.01,overcast clouds
646,Mehamn,NO,2/7/2022 5:08,71.0357,27.8492,23.18,68,0,19.57,clear sky
647,Loandjili,CG,2/7/2022 5:08,-4.7561,11.8578,75.96,91,98,6.8,overcast clouds
648,Yangambi,CD,2/7/2022 5:08,0.8102,24.4336,64.98,49,87,2.59,overcast clouds
649,Vao,NC,2/7/2022 5:08,-22.6667,167.4833,81.32,81,45,14.52,scattered clouds
650,Palmer,US,2/7/2022 5:08,42.1584,-72.3287,22.14,79,100,3.44,overcast clouds
651,Kudahuvadhoo,MV,2/7/2022 5:08,2.6708,72.8944,81.45,64,14,11.14,few clouds
652,Taltal,CL,2/7/2022 5:07,-25.4,-70.4833,64.92,84,4,0.96,clear sky
653,Chara,RU,2/7/2022 5:08,56.9064,118.2631,2.5,81,81,1.03,broken clouds
654,Takoradi,GH,2/7/2022 5:08,4.8845,-1.7554,78.66,86,94,5.39,overcast clouds
655,Muriti,TZ,2/7/2022 5:08,-1.9833,32.9167,72.3,71,97,4.38,light rain
656,Bansgaon,IN,2/7/2022 5:08,26.5586,83.3481,62.78,58,0,4.03,clear sky
657,Kayerkan,RU,2/7/2022 5:08,69.3497,87.7602,-24.48,74,51,1.52,broken clouds
658,Shelburne,CA,2/7/2022 5:08,44.0787,-80.2041,25.12,75,100,13.27,overcast clouds
659,Samarai,PG,2/7/2022 5:08,-10.6167,150.6667,84.31,72,87,11.39,overcast clouds
660,Lucea,JM,2/7/2022 5:08,18.451,-78.1736,76.86,78,11,4.81,few clouds
661,Buala,SB,2/7/2022 5:08,-8.145,159.5921,85.15,75,98,11.34,light rain
662,Astaneh-Ye Ashrafiyeh,IR,2/7/2022 5:08,37.2596,49.9444,42.73,77,82,5.41,broken clouds
663,Sainte-Rose,GP,2/7/2022 5:08,16.3324,-61.6979,75.18,88,75,9.22,broken clouds
664,Pauini,BR,2/7/2022 5:08,-7.7136,-66.9764,73.83,94,100,0.87,overcast clouds
665,Yamada,JP,2/7/2022 5:08,39.4667,141.95,36.68,46,91,15.28,overcast clouds
666,Danilovka,RU,2/7/2022 5:08,50.3557,44.1168,25.81,97,100,7.11,overcast clouds
667,Ranau,MY,2/7/2022 5:08,5.9538,116.6641,79.45,63,100,4.07,overcast clouds
668,Maues,BR,2/7/2022 5:08,-3.3836,-57.7186,72.9,99,100,2.44,light rain
669,Nam Som,TH,2/7/2022 5:08,17.7704,102.1895,89.1,40,92,1.97,overcast clouds
670,Bonga,ET,2/7/2022 5:08,7.2833,36.2333,62.92,60,44,1.28,scattered clouds
671,Norman,US,2/7/2022 5:07,35.2226,-97.4395,36.97,76,0,6.91,clear sky
672,Stromness,GB,2/7/2022 5:06,58.965,-3.296,35.56,51,57,20.49,broken clouds
673,Felipe Carrillo Puerto,MX,2/7/2022 5:08,19.5833,-88.05,67.08,99,34,2.62,scattered clouds
674,Norilsk,RU,2/7/2022 5:08,69.3535,88.2027,-23.58,100,51,2.04,broken clouds
675,Ushtobe,KZ,2/7/2022 5:08,45.2514,77.9838,32.09,99,100,13.73,snow
676,Medea,DZ,2/7/2022 5:08,36.2642,2.7539,28.85,92,4,1.57,clear sky
677,Codrington,AU,2/7/2022 5:08,-38.2667,141.9667,79.65,38,0,18.61,clear sky
678,Ibra,OM,2/7/2022 5:08,22.6906,58.5334,66.65,64,1,3.51,clear sky
679,Eyl,SO,2/7/2022 5:06,7.9803,49.8164,77.2,66,100,18.48,overcast clouds
680,Tsiroanomandidy,MG,2/7/2022 5:08,-18.7667,46.0333,67.17,91,100,7.74,overcast clouds
681,Seoul,KR,2/7/2022 5:04,37.5683,126.9778,36.91,31,87,8.08,overcast clouds
682,Vanimo,PG,2/7/2022 5:08,-2.6741,141.3028,83.14,73,100,4.41,moderate rain
683,Vanderhoof,CA,2/7/2022 5:04,54.0166,-124.0198,31.98,92,100,8.37,overcast clouds
684,Waipawa,NZ,2/7/2022 5:08,-41.4122,175.5153,62.46,91,100,9.53,overcast clouds
685,Shahr-E Babak,IR,2/7/2022 5:08,30.1165,55.1186,41.34,31,0,3.11,clear sky
686,Pueblo Nuevo,MX,2/7/2022 5:08,23.3833,-105.3833,43.88,78,52,3.02,broken clouds
687,Bac Lieu,VN,2/7/2022 5:08,9.285,105.7244,87.75,53,91,16.51,overcast clouds
688,Bairiki,KI,2/7/2022 5:08,1.3292,172.9752,86,70,20,8.05,few clouds
689,Manggar,ID,2/7/2022 5:08,-2.8833,108.2667,83.68,73,100,9.71,overcast clouds
690,Lac Du Bonnet,CA,2/7/2022 5:08,50.2536,-96.0612,-4.47,98,97,5.57,overcast clouds
691,Lishui,CN,2/7/2022 5:08,28.4604,119.9103,42.19,97,100,5.06,moderate rain
692,Peniche,PT,2/7/2022 5:08,39.3558,-9.3811,50.45,55,16,5.08,few clouds
693,Severnoye,RU,2/7/2022 5:08,56.3491,78.3619,10.71,82,100,3.31,overcast clouds
694,Gao,ML,2/7/2022 5:08,16.6362,1.637,58.51,16,0,11.88,clear sky
695,Gobabis,NA,2/7/2022 5:08,-22.45,18.9667,65.61,66,34,8.46,scattered clouds
696,Teguldet,RU,2/7/2022 5:08,57.3064,88.1667,10.49,92,39,4.76,scattered clouds
697,Petatlan,MX,2/7/2022 5:08,17.5167,-101.2667,72.14,73,24,3.44,few clouds
698,Sakaiminato,JP,2/7/2022 5:08,35.55,133.2333,44.62,50,98,11.74,overcast clouds
699,Viransehir,TR,2/7/2022 5:08,37.2353,39.7631,35.87,61,0,6.11,clear sky
700,Rio Grande,BR,2/7/2022 5:07,-32.035,-52.0986,59.11,61,0,15.48,clear sky
701,Oleksandrivka,UA,2/7/2022 5:08,48.9634,32.2349,31.39,85,91,13.44,overcast clouds
702,Salaga,GH,2/7/2022 5:08,8.5508,-0.5188,76.89,22,2,2.24,clear sky
703,Gemena,CD,2/7/2022 5:08,3.25,19.7667,66.79,37,92,3.29,overcast clouds
704,Bani,DO,2/7/2022 5:08,18.2833,-70.3333,71.85,79,10,10.18,clear sky
705,Burnie,AU,2/7/2022 5:08,-41.0667,145.9167,71.94,54,0,8.9,clear sky
706,Pahrump,US,2/7/2022 5:04,36.2083,-115.9839,54.18,23,0,1.01,clear sky
707,Verkhnyaya Inta,RU,2/7/2022 5:08,65.9811,60.3094,13.33,81,100,8.34,overcast clouds
708,Ambon,ID,2/7/2022 5:08,-3.6954,128.1814,89.74,62,40,6.91,scattered clouds
709,Olafsvik,IS,2/7/2022 5:08,64.8945,-23.7142,34.45,94,100,47.85,heavy snow
710,Palora,EC,2/7/2022 5:08,-1.7,-77.9333,66.09,97,87,2.04,moderate rain
711,Challans,FR,2/7/2022 5:08,46.8436,-1.8749,50.92,92,67,11.59,broken clouds
712,Paamiut,GL,2/7/2022 5:08,61.994,-49.6678,11.39,91,100,35.75,snow
713,Redmond,US,2/7/2022 5:08,47.674,-122.1215,45.88,86,37,1.01,scattered clouds
714,Dicabisagan,PH,2/7/2022 5:08,17.0818,122.4157,74.59,90,100,8.93,overcast clouds
715,Ciudad Ojeda,VE,2/7/2022 5:08,10.1964,-71.3082,76.64,76,27,5.79,scattered clouds
716,Zarand,IR,2/7/2022 5:08,30.8127,56.564,44.44,34,0,5.26,clear sky
717,Torma,EE,2/7/2022 5:08,58.8128,26.7383,32.45,99,100,6.73,light snow
718,Bouza,NE,2/7/2022 5:08,14.4229,6.0428,58.93,15,0,11.74,clear sky
719,Kommunar,RU,2/7/2022 5:08,59.6206,30.39,35.51,98,100,7.49,light snow
